epoch,train_loss,train_macro_f1,train_top1_accuracy,train_top5_accuracy,val_loss,val_macro_f1,val_top1_accuracy,val_top5_accuracy,learning_rate
1,3.4095157877604167,0.051863658937553944,0.055416665971279144,0.21791666746139526,3.269423230489095,0.03287617611147023,0.07999999821186066,0.30666667222976685,0.001
2,3.294691162109375,0.06669701696072719,0.0808333307504654,0.3033333420753479,3.2015795771280926,0.03876923729864907,0.07666666805744171,0.33000001311302185,0.001
3,3.2638285319010416,0.06499178875760328,0.07833333313465118,0.3199999928474426,3.181396007537842,0.07925119191785858,0.1066666692495346,0.33000001311302185,0.001
4,3.232724202473958,0.07535424506861735,0.08375000208616257,0.3291666805744171,3.1468626244862876,0.07338551953161927,0.10333333164453506,0.3799999952316284,0.001
5,3.2068739827473958,0.07333517171166201,0.08416666835546494,0.3491666615009308,3.093796952565511,0.09901992897590982,0.12999999523162842,0.40666666626930237,0.001
6,3.1936212158203126,0.08506002848325679,0.0949999988079071,0.3591666519641876,3.097205155690511,0.08479984570603942,0.1066666692495346,0.4233333468437195,0.001
7,3.1667519124348957,0.08753763962036348,0.10208333283662796,0.3695833384990692,3.1181059900919594,0.07479698446149055,0.10999999940395355,0.41999998688697815,0.001
8,3.1496854654947914,0.08322560069346094,0.09833333641290665,0.3854166567325592,3.0971600755055744,0.0973787171379504,0.12666666507720947,0.41333332657814026,0.0005
9,3.0867409261067706,0.10548147647942004,0.12416666746139526,0.41499999165534973,3.047152303059896,0.09063502965964602,0.12999999523162842,0.4233333468437195,0.0005
10,3.061206258138021,0.1094587425441362,0.12583333253860474,0.4320833384990692,2.978743003209432,0.10967900993911443,0.1366666704416275,0.4699999988079071,0.0005
11,3.028711751302083,0.11081465276999097,0.13083332777023315,0.4520833194255829,2.9866918023427327,0.10571691832669529,0.1366666704416275,0.47999998927116394,0.0005
12,3.029516194661458,0.10922693296895968,0.1262499988079071,0.4362500011920929,2.957936906814575,0.11564465121875392,0.1433333307504654,0.4866666793823242,0.0005
13,2.9939766438802082,0.12886042692066882,0.14541666209697723,0.460833340883255,2.9526140944163006,0.12079218863648243,0.15666666626930237,0.4933333396911621,0.0005
14,2.972686767578125,0.13394711959942746,0.15416666865348816,0.4795833230018616,2.905677490234375,0.15570060666224236,0.1899999976158142,0.47999998927116394,0.0005
15,2.9536588541666666,0.1378215823080951,0.1537500023841858,0.47874999046325684,2.89562931060791,0.1491918774761912,0.1733333319425583,0.5,0.0005
16,2.945166219075521,0.14451205253545232,0.1599999964237213,0.4804166555404663,2.9722265338897706,0.12457781516893404,0.16333332657814026,0.4933333396911621,0.0005
17,2.943830973307292,0.13648427745579686,0.15791666507720947,0.4891666769981384,2.892222646077474,0.13452079709707473,0.14666666090488434,0.5266666412353516,0.00025
18,2.888663126627604,0.1571769295440811,0.17666666209697723,0.5079166889190674,2.8292551898956297,0.14879148799987915,0.18333333730697632,0.5400000214576721,0.00025
19,2.8695443725585936,0.1472985351248111,0.16625000536441803,0.5137500166893005,2.8169475491841633,0.14020127032248447,0.17000000178813934,0.5666666626930237,0.00025
20,2.861539357503255,0.1579865063968328,0.17749999463558197,0.53125,2.818459479014079,0.15439342276987028,0.18666666746139526,0.550000011920929,0.000125
21,2.841327158610026,0.16634060579796825,0.18958333134651184,0.5475000143051147,2.7715849177042644,0.18433367924240135,0.2199999988079071,0.5933333039283752,0.000125
22,2.822612813313802,0.178262971033573,0.20083333551883698,0.5354166626930237,2.7854193019866944,0.1731727741595382,0.20666666328907013,0.5766666531562805,0.000125
23,2.8091362508138022,0.1798402451856348,0.20208333432674408,0.5579166412353516,2.7919147396087647,0.16128206191333264,0.1899999976158142,0.596666693687439,0.000125
24,2.7892676798502603,0.1817054581576184,0.2045833319425583,0.5541666746139526,2.7599879137674965,0.1795095145551443,0.21666666865348816,0.6000000238418579,6.25e-05
25,2.7991438802083333,0.17548238713773115,0.1979166716337204,0.5674999952316284,2.7662103112538654,0.1704064203792093,0.20999999344348907,0.5933333039283752,6.25e-05
26,2.776031036376953,0.18100918553920117,0.20541666448116302,0.5529166460037231,2.7665463415781657,0.19288703060329535,0.23000000417232513,0.5933333039283752,6.25e-05
27,2.7632438151041665,0.18877849795008123,0.21250000596046448,0.5641666650772095,2.7726525497436523,0.16790444352313105,0.20333333313465118,0.596666693687439,6.25e-05
28,2.7667197672526043,0.17186005828757756,0.1954166740179062,0.5670833587646484,2.754866631825765,0.17515264690148996,0.20999999344348907,0.5866666436195374,6.25e-05
29,2.7759217325846355,0.1837764662876296,0.20499999821186066,0.5566666722297668,2.745493974685669,0.19049739534149732,0.22333332896232605,0.596666693687439,3.125e-05
30,2.7377344767252603,0.19410240310828752,0.2150000035762787,0.5849999785423279,2.7451109313964843,0.17673103411132304,0.20666666328907013,0.6033333539962769,3.125e-05
31,2.75404052734375,0.18969553454978175,0.21375000476837158,0.5724999904632568,2.728957697550456,0.1853830479032082,0.22333332896232605,0.596666693687439,3.125e-05
32,2.7603446451822915,0.18660949129345245,0.20624999701976776,0.5787500143051147,2.7357310581207277,0.19251189116347128,0.2266666740179062,0.596666693687439,1.5625e-05
33,2.750515899658203,0.19764540359950486,0.21833333373069763,0.5849999785423279,2.734070622126261,0.16686295233366516,0.20333333313465118,0.6033333539962769,1.5625e-05
